#Subsystem,Component,File,Purpose
#Note that for duplicates (where file moved components from old to new releases), new version is used and old
#version should be commented out or removed
app-engines,agnmodel,agnmodel.sis,"Stub SIS file for pc connectivity"
app-engines,agnmodel,agnmodel.dll,"Agenda engine client interface"
app-engines,agnmodel,agsvexe.exe,"Agenda server (no external interfaces)"
app-engines,agnversit,agnversit.dll,"Provides dynamic interface for vCalendar import/export"
app-engines,cntmodel,cntmodel.sis,"Stub SIS file for pc connectivity"
app-engines,cntmodel,cntmodel.dll,"Contacts engine client interface"
app-engines,cntmodel,cntmodel.rsc,"Contacts default template.  Will be replaced by licensee products"
app-engines,cntmodel,cntphone.dll,"Contacts phone number parser"
app-engines,cntmodel,cntsrv.exe,"Contacts server (no external interfaces)"
app-engines,cntmodel,cntvcard.dll,"Contacts vCard parser"
app-engines,cntmodel,cntview.dll,"Contacts database view utilities"
app-engines,convert,txtword.cnf,"Symbian OS Word to plain text converter capabilities file"
app-engines,convert,txtword.cnv,"Symbian OS Word to plain text converter"
app-engines,damodel,damodl.dll,"Data/Jotter app engine"
app-engines,sheng,sheng.sis,"Stub SIS file for pc connectivity"
app-engines,sheng,sheng.dll,"Sheet engine"
app-engines,sheng,sheng.rsc,"Sheet engine formulae names"
app-engines,wpeng,wpeng.sis,"Stub SIS file for pc connectivity"
app-engines,wpeng,wpeng.dll,"Word processor engine"
app-framework,apparc,apfile.dll,"Internal server helpers"
app-framework,apparc,apgrfx.dll,"Apparc server client APIs + wserv wrapper utilities"
app-framework,apparc,apparc.dll,"Application apparc base classes"
app-framework,apparc,apserv.dll,"Apparc server"
app-framework,apparc,apsexe.dll,"Apparc server stub"
app-framework,apparc,recapp.rdl,"Symbian OS application recogniser"
app-framework,apparc,recexe.rdl,"Symbian OS exe recogniser"
app-framework,bmpanim,bmpanim.dll,"Wserv anim dll for sequences of bitmaps - client"
app-framework,bmpanim,bmpansrv.dll,"Wserv anim dll for sequences of bitmaps - server"
app-framework,clock,clock.dll,"Clock & message windows - client"
app-framework,clock,clocka.dll,"Clock & message windows - Window Server plug-in"
app-framework,conarc,conarc.dll,"Converter base class & utilities"
app-framework,conarc_plugins,cotrlib.dll,"Converter library (error translation and trace)"
app-framework,conarc_plugins,exelcomm.dll,"On-board office app converters"
app-framework,conarc_plugins,exelread.cnv,"On-board office app converters"
app-framework,conarc_plugins,exelread.rsc,"On-board office app converters"
app-framework,conarc_plugins,exelwrit.cnv,"On-board office app converters"
app-framework,conarc_plugins,exelwrit.rsc,"On-board office app converters"
app-framework,conarc_plugins,exlr95.dll,"On-board office app converters"
app-framework,conarc_plugins,exlr9700.dll,"On-board office app converters"
app-framework,conarc_plugins,exlw95.dll,"On-board office app converters"
app-framework,conarc_plugins,exlw9700.dll,"On-board office app converters"
app-framework,conarc_plugins,fontconv.dll,"On-board converter between Symbian OS fonts and Microsoft(r) fonts"
app-framework,conarc_plugins,ole2lib.dll,"OLE2 stream read/write support"
app-framework,conarc_plugins,recoffice.mdl,"Mime-type recogniser for on-board office app converters for Emime framework"
app-framework,conarc_plugins,rt2htmcv.cnv,"On-board converter from Symbian OS RTF to HTML"
app-framework,conarc_plugins,rt2htmcv.rsc,"On-board office app converters"
app-framework,conarc_plugins,wordcomm.dll,"Common on-board Microsoft(r) Word conversion support"
app-framework,conarc_plugins,wordread.cnv,"On-board converter for reading Microsoft(r) Word format documents"
app-framework,conarc_plugins,wordread.rsc,"On-board office app converters"
app-framework,conarc_plugins,wordwrit.cnv,"On-board office app converters"
app-framework,conarc_plugins,wordwrit.rsc,"On-board office app converters"
app-framework,cone,cone.dll,"Control environment"
app-framework,egul,egul.dll,"Graphics utilities"
app-framework,emime,apmime.dll,"MIME type recogniser framework"
app-framework,emime,recapp2.mdl,"Symbian OS app MIME type recogniser"
app-framework,emime,rectxt.mdl,"Plain text recogniser"
app-framework,emime,recweb.mdl,"Basic reference URL recogniser"
app-framework,errorresgt,errorresgt.r01,"User displayable text for all standard GT errors.  Will need to be localised so final ROM budget is unpredictable"
app-framework,etext,etext.dll,"Text and text format structure"
app-framework,etext,field.dll,"Text fields implementation"
app-framework,fepbase,fepbase.dll,"Base classes for complex text input"
app-framework,form,form.dll,"Formatted text display"
app-framework,form,form_and_etext_editor.dll,"High-level text editor wrapper"
app-framework,form,tagma.dll,"Text formatting engine"
app-framework,form,undo.dll,"Undo system (generic and text-specific)"
app-framework,grid,grid.dll,"Simple grid layout engine"
app-framework,numberconversion,numberconversion.dll,"Number conversion library"
app-framework,print,prev.dll,"Print preview"
app-framework,print,print.dll,"Page setup and printer driver wrappers"
app-framework,uikon,apprun.exe,"Stub for app launching"
app-framework,uikon,econseik.dll,"Console"
app-framework,uikon,eikbackupsrv.dll,"Uikon backup server"
app-framework,uikon,eikcoctl.dll,"Standard Uikon controls"
app-framework,uikon,eikcore.dll,"Shared application environment"
app-framework,uikon,eikshtsrv.dll,"Uikon shutdown server"
app-framework,uikon,eiksrv.dll,"Uikon server"
app-framework,uikon,eiksrvc.dll,"Uikon server - client"
app-framework,uikon,eiksrvs.exe,"Uikon server - stub exe"
app-framework,uikon,uikinit.dll,"Uikon controls stub loader"
app-framework,viewsrv,viewcli.dll,"View server - client-side API"
app-framework,viewsrv,viewsrv.dll,"View server"
app-services,alarmserver,alarmclient.dll,"Client-side part of alarm server"
app-services,alarmserver,alarmserver.exe,"Alarm server"
app-services,alarmserver,alarmshared.dll,"Code shared by Alarm server and by clients"
app-services,calcon,ccon.dll,"Bi-directional Chinese Lunar calendar to Gregorian calendar"
app-services,calcon,chtmltocrtconverter.cnv,"HTML to Symbian OS rich text converter"
app-services,ealwl,ealm.exe,"Text mode alarm alert server. Not used in Roms?"
app-services,ealwl,ealwl.dll,"Client side api for alarm world server"
app-services,ealwl,ealwls.exe,"Server side for alarm world server"
app-services,hlpmodel,dbwriter.dll,"WINC component used to build help files"
app-services,hlpmodel,hlplch.dll,"Launches a device's help application"
app-services,hlpmodel,hlpmodel.dll,"The help engine"
app-services,logeng,logcli.dll,"Log engine, to be included in ROM only if logwrap.dll is included"
app-services,logeng,logcli.rsc,"Resource definitions for log engine"
app-services,logeng,logserv.exe,"Log server"
app-services,logeng,logstub.dll,"Stub API around log engine to be used when removing log engine from the ROM"
app-services,logeng,logwatcher.dll,""
app-services,logeng,logwrap.dll,"Wrapper API around log engine to enable optional removal of log engine from the ROM"
app-services,schsvr,schexe.exe,"Starts the schedule server"
app-services,schsvr,schsvr.dll,"Schedule server & client all rolled up into one DLL"
app-services,sysagent,indicatorwatcher.dll,"Observes when a call takes place and notifies system agent"
app-services,sysagent,sawatcherbase.dll,"Foundation classes for all system agent watchers"
app-services,sysagent,signalstrengthwatcher.dll,"Observes when the signal strength changes and notifies system agent"
app-services,sysagent,sysagt.dll,"System agent client-side dll"
app-services,sysagent,sysagx.exe,"System agent server"
app-services,sysagent,sysamob.exe,"System agent messaging observer"
app-services,versit,rversit.mdl,"Versit mime type recognizer for Emime framework"
app-services,versit,vcal.dll,"vCalendar parser"
app-services,versit,vcard.dll,"vCard parser"
app-services,versit,versit.dll,"vCard/vCalendar parser support"
app-services,wlddatabasekit,wld_data.dbz,"City and country world database"
app-services,worldserver,worldclient.dll,"Client-side world database server"
app-services,worldserver,worldserver.exe,"World database server"
application-protocols,ecom,ecom.dll,"Plug-in server framework client dll"
application-protocols,ecom,ecomserver.exe,"Plug-in server framework"
application-protocols,ecom,ecomerr.rsc,"Plug-in server error resolution resource"
application-protocols,ecom,testbed.dll,"Framework for test components (Used by ECom + some Wap and HTTP test harnesses - Not for ROM release)"
application-protocols,http,http.dll,"HTTP Client API & Core framework"
application-protocols,http,httpclient.dll,"HTTP Text mode protocol module"
application-protocols,http,httpexampleclient.exe,"Generalised test harness - Not for ROM release."
application-protocols,http,httpmessage.dll,"HTTP message parser and composer"
application-protocols,http,httptcphnd.dll,"TCP transport handler"
application-protocols,http,httptransporthandler.dll,"HTTP Transport Handler"
application-protocols,http,httptextprt.dll,"A text-mode HTTP protocol module"
application-protocols,http,nwsswsptrhnd.dll,"WSP Transport Handler"
application-protocols,http,tfcorefilters.dll,"Core protocol filters for the HTTP Transport Framework"
application-protocols,http,wsptrhnd.dll,"WSP Transport handler"
application-protocols,http,wspprotocolhandler.dll,"WSP protocol module"
application-protocols,inetprotutil,inetprotutil.dll,"Utilities for Internet clients (URI component)"
application-protocols,recognisers,ebookmarkrec.mdl,"Web Bookmark file recogniser for Emime framework"
application-protocols,recognisers,weburlrec.mdl,"Url recogniser for Emime framework"
application-protocols,syncmlclient,10009f0f.rsc,"Agenda sync Ecom resource"
application-protocols,syncmlclient,10009f13.rsc,"Contacts sync Ecom resource"
application-protocols,syncmlclient,10009f17.rsc,"Http transport Ecom resource"
application-protocols,syncmlclient,dummy.dll,"Dummy DLL  - Not for ROM release - Resource build artifact"
application-protocols,syncmlclient,sml.dll,"SyncML committee reference toolkit"
application-protocols,syncmlclient,smlagendadba.dll,"Agenda synchronization Ecom plug-in"
application-protocols,syncmlclient,smlchangefinder.dll,"Detects database changes"
application-protocols,syncmlclient,smlcontactsdba.dll,"Contacts synchronization Ecom plug-in"
application-protocols,syncmlclient,smlcontroller.dll,"Controls a synchronization and exposes Syncmlclient's public API"
application-protocols,syncmlclient,smlcontroller.rsc,"Above's resource file"
application-protocols,syncmlclient,smlengine.dll,"The SyncML synchronization engine"
application-protocols,syncmlclient,smlengineerr.r01,"Engine resource file"
application-protocols,syncmlclient,smlhttpbase.dll,"SyncML Http base class API"
application-protocols,syncmlclient,smlhttpspi.dll,"Http transport Ecom plug-in"
application-protocols,syncmlclient,smllogger.dll,"Debugging aid"
application-protocols,syncmlclient,smltoolkitif.dll,"Interface to the reference toolkit"
application-protocols,syncmlclient,smlutils.dll,"Assorted utility functions"
base,bafl,bafl.dll,"System services & utilities"
base,bafl,baksrv.dll,"Backup server client-side"
base,bafl,baksrvs.exe,"Backup server"
base,brutusa,cikdba.dll,"Brutus keyboard look-up tables"
base,brutusa,cikyba.dll,"Brutus keyboard library"
base,brutusa,cixyba.dll,"Brutus digitizer library"
base,brutusa,difiba.pdd,"Brutus FIR physical device driver"
base,brutusa,dihalba.ldd,"Brutus HAL driver"
base,brutusa,ditxba1.pdd,"Brutus Serial Port1 physical device driver"
base,brutusa,ditxba2.pdd,"Brutus SIR (Port2) physical device driver"
base,brutusa,ditxba3.pdd,"Brutus Serial Port3 physical device driver"
base,brutusa,ditxba4.pdd,"Brutus PC Card Serial (Port4/Port5) physical device driver"
base,brutusa,epowerba.dll,"Brutus power model extension"
base,brutusa,halba.dll,"Brutus HAL library"
base,brutusa,milfsba.pdd,"Brutus LFFS media driver"
base,brutusa,visaba.dll,"Brutus variant library"
base,charconv,basic.snm,""
base,charconv,big5.cpl,"Big5 charset conversion wrapper"
base,charconv,big5.r01,"Big5 charset name"
base,charconv,big5.r10,"Big5 charset name (US)"
base,charconv,big5_shared.dll,"Big5 charset conversion implementation"
base,charconv,builtin.r01,"Names of built-in character set converters"
base,charconv,builtin.r10,"Names of built-in character set converters"
base,charconv,charconv.dll,"CharConv character conversion service"
base,charconv,convnames.dll,"CharConv service for getting names of available converters"
base,charconv,convutils.dll,"Various character conversion services"
base,charconv,dummy.exe,"Should never go into a ROM (this file is created as a by-product of building the BUILTIN.R* resource files since MMP files do not support the building of resource files without an building an executable as well)"
base,charconv,eucjp_packed.cpl,"EUC-JP(packed) converter wrapper"
base,charconv,eucjp_packed.r01,"EUC-JP(packed) name"
base,charconv,eucjp_packed.r10,"EUC-JP(packed) name (US)"
base,charconv,gb12345.cpl,"GB12345 charset converter"
base,charconv,gb12345.r01,"GB12345 name"
base,charconv,gb12345.r10,"GB12345 name (US)"
base,charconv,gb2312.cpl,"GB-2312 charset converter"
base,charconv,gb2312.r01,"GB-2312 name"
base,charconv,gb2312.r10,"GB-2312 name (US)"
base,charconv,gb2312_shared.dll,"GB-2312 implementation"
base,charconv,gbk.cpl,"GBK charset converter wrapper"
base,charconv,gbk.r01,"GBK name"
base,charconv,gbk.r10,"GBK name (US)"
base,charconv,gbk_shared.dll,"GBK converter implementation"
base,charconv,hz.cpl,"HZ converter wrapper"
base,charconv,hz.r01,"HZ name"
base,charconv,hz.r10,"HZ name (US)"
base,charconv,iso2022jp.cpl,"ISO-2022-JP converter wrapper"
base,charconv,iso2022jp.r01,"ISO-2022-JP name"
base,charconv,iso2022jp.r10,"ISO-2022-JP name (US)"
base,charconv,iso2022jp1.cpl,"ISO-2022-JP-1 converter wrapper"
base,charconv,iso2022jp1.r01,"ISO-2022-JP-1 name"
base,charconv,iso2022jp1.r10,"ISO-2022-JP-1 name (US)"
base,charconv,iso885910.cpl,"ISO-8859-10 converter"
base,charconv,iso885910.r01,"ISO-8859-10 name"
base,charconv,iso885910.r10,"ISO-8859-10 name (US)"
base,charconv,iso885913.cpl,"ISO-8859-13 converter"
base,charconv,iso885913.r01,"ISO-8859-13 name"
base,charconv,iso885913.r10,"ISO-8859-13 name (US)"
base,charconv,iso885914.cpl,"ISO-8859-14 converter"
base,charconv,iso885914.r01,"ISO-8859-14 name"
base,charconv,iso885914.r10,"ISO-8859-14 name (US)"
base,charconv,iso885915.cpl,"ISO-8859-15 converter"
base,charconv,iso885915.r01,"ISO-8859-15 name"
base,charconv,iso885915.r10,"ISO-8859-15 name (US)"
base,charconv,iso88592.cpl,"ISO-8859-2 converter"
base,charconv,iso88592.r01,"ISO-8859-2 name"
base,charconv,iso88592.r10,"ISO-8859-2 name (US)"
base,charconv,iso88593.cpl,"ISO-8859-3 converter"
base,charconv,iso88593.r01,"ISO-8859-3 name"
base,charconv,iso88593.r10,"ISO-8859-3 name (US)"
base,charconv,iso88594.cpl,"ISO-8859-4 converter"
base,charconv,iso88594.r01,"ISO-8859-4 name"
base,charconv,iso88594.r10,"ISO-8859-4 name (US)"
base,charconv,iso88595.cpl,"ISO-8859-5 converter"
base,charconv,iso88595.r01,"ISO-8859-5 name"
base,charconv,iso88595.r10,"ISO-8859-5 name (US)"
base,charconv,iso88596.cpl,"ISO-8859-6 converter"
base,charconv,iso88596.r01,"ISO-8859-6 name"
base,charconv,iso88596.r10,"ISO-8859-6 name (US)"
base,charconv,iso88597.cpl,"ISO-8859-7 converter"
base,charconv,iso88597.r01,"ISO-8859-7 name"
base,charconv,iso88597.r10,"ISO-8859-7 name (US)"
base,charconv,iso88598.cpl,"ISO-8859-8 converter"
base,charconv,iso88598.r01,"ISO-8859-8 name"
base,charconv,iso88598.r10,"ISO-8859-8 name (US)"
base,charconv,iso88599.cpl,"ISO-8859-9 converter"
base,charconv,iso88599.r01,"ISO-8859-9 name"
base,charconv,iso88599.r10,"ISO-8859-9 name (US)"
base,charconv,jis.cpl,"JIS charset converter wrapper"
base,charconv,jis.r01,"JIS name"
base,charconv,jisbase_shared.dll,"Code shared between JIS.CPL,ISO2022JP.CPL and ISO2022JP1.CPL"
base,charconv,jisx0201.dll,"JIS-X-0201 convertion data"
base,charconv,jisx0208.dll,"JIS-X-0208 convertion data"
base,charconv,jisx0212.dll,"JIS-X-0212 convertion data"
base,charconv,shiftjis.cpl,"ShiftJIS converter wrapper"
base,charconv,shiftjis.r01,"ShiftJIS name"
base,charconv,shiftjis.r10,"ShiftJIS name (US)"
base,charconv,shiftjis_shared.dll,"ShiftJIS common implementation"
base,cirrus7211a,cakdca.dll,"Cirrus Logic keyboard look-up tables"
base,cirrus7211a,cakyca.dll,"Cirrus Logic keyboard library"
base,cirrus7211a,caxyca.dll,"Cirrus Logic digitizer library"
base,cirrus7211a,dasnca.pdd,"Cirrus Logic sound physical device driver"
base,cirrus7211a,datxca1.pdd,"Cirrus Logic Serial Port1 physical device driver"
base,cirrus7211a,datxca2.pdd,"Cirrus Logic Serial Port2 physical device driver"
base,cirrus7211a,epower.dll,"Cirrus Logic power model extension"
base,cirrus7211a,halca.dll,"Cirrus Logic HAL library"
base,cirrus7211a,varmca.dll,"Cirrus Logic variant library"
base,cogent1,cakdc1.dll,"Cogent keyboard look-up tables"
base,cogent1,cakyc1.dll,"Cogent keyboard library"
base,cogent1,caxyc1.dll,"Cogent digitizer library"
base,cogent1,datxc11dce.pdd,"Cogent DCE Serial Port1 physical device driver"
base,cogent1,datxc12dce.pdd,"Cogent DCE Serial Port2 physical device driver"
base,cogent1,datxc13.pdd,"Cogent Serial Port3 physical device driver"
base,cogent1,datxc14.pdd,"Cogent Serial Port4 physical device driver"
base,cogent1,halc1.dll,"Cogent HAL library"
base,cogent1,vcgac1.dll,"Cogent variant library"
base,dbms,edbms.dll,"Database management - client and server"
base,dbms,edbsrv.exe,"Database server process"
base,e32,econs.dll,"Client side library for text shell window server"
base,e32,ektran.dll,"Keyboard translation library"
base,e32,elocl.dll,"Localisation file statically linked to by the kernel"
base,f32,erofs.fsy,"ROFS file system"
base,e32,euser.dll,"User library"
base,e32,ewsrv.exe,"Text shell window server"
base,e32,ecomm.ldd,"Serial port logical device driver"
base,e32,edisp.dll,"Series5mx text shell display driver"
base,e32,ekern.exe,"Kernel"
base,e32,epbus.dll,"Peripheral Bus Controller (built for Series5mx)"
base,e32,medata.pdd,"ATA/CF Card media driver (built for Series5mx)"
base,e32,medcrm.pdd,"Compact ROM media driver (built for Series5mx)"
base,e32,medint.pdd,"Internal RAM media driver"
base,e32,ecommdce.ldd,"DCE serial port logical device driver (built for Cogent)"
base,e32,efir.ldd,"FIR logical device driver (built for Brutus)"
base,e32,eusbc.ldd,"USB client logical device driver"
base,e32,eusbcc.dll,"USB client Controller"
base,e32utils,apprvata.exe,"Test utility"
base,e32utils,d_exc.exe,"Test utility"
base,e32utils,drvtest.exe,"Test utility"
base,e32utils,mmctest.exe,"Test utility"
base,e32utils,pctest.exe,"Test utility"
base,e32utils,profiler.exe,"Test utility"
base,e32utils,d_drvif.ldd,"Test utility"
base,e32utils,d_pccdif.ldd,"Test utility"
base,e32utils,medawd.pdd,"Test utility"
base,e32utils,sampler.ldd,"Test utility"
base,e32utils,cromcopy.exe,"Test utility"
base,e32utils,d_mmcif.ldd,"Test utility"
base,e32utils,repro.exe,"Test utility"
base,f32,efile.exe,"File Server"
base,f32,efsrv.dll,"File Server client-side library"
base,f32,elffs.fsy,"LFFS file system"
base,f32,elocal.fsy,"FAT file system"
base,f32,eshell.exe,"Text shell"
base,f32,runtests.exe,"Test launcher"
base,hal,hal.dll,"Dummy HAL library"
base,integratorap,cintkdv1.dll,"Integrator keyboard look-up tables"
base,integratorap,cintkyintv1.dll,"Integrator keyboard library (interrupt driven)"
base,integratorap,cintkyserv1.dll,"Integrator serial keyboard library"
base,integratorap,cintkyv1.dll,"Integrator keyboard library (polled)"
base,integratorap,cintxyv1.dll,"Integrator digitizer library"
base,integratorap,dintfirv1.pdd,"Interator FIR physical device driver"
base,integratorap,dinttx1v1.pdd,"Integrator Serial Port1 physical device driver"
base,integratorap,dinttx2v1.pdd,"Integrator Serial Port2 physical device driver"
base,integratorap,halv1.dll,"Integrator HAL library"
base,integratorap,neon250.dll,"Integrator VGA display driver"
base,integratorap,vintv1.dll,"Integrator variant library"
base,loce32,elocl.01,"Locale information for UK"
base,loce32,elocl.02,"Locale information for France"
base,loce32,elocl.03,"Locale information for Germany"
base,loce32,elocl.04,"Locale information for Spain"
base,loce32,elocl.05,"Locale information for Italy"
base,loce32,elocl.10,"Locale information for US"
base,loce32,elocl.18,"Locale information for Holland (Dutch)"
base,loce32,elocl.19,"Locale information for Belgium (Dutch)"
base,loce32,elocl.29,"Locale information for Taiwan"
base,loce32,elocl.31,"Locale information for Hong Kong"
base,loce32,elocl.32,"Locale information for Japan"
base,loce32,elocl.loc,"Locale information for default locale"
base,loce32,elocl.sc,""
base,lubbock,cikdla.dll,"Lubbock keyboard look-up tables"
base,lubbock,cikyla.dll,"Lubbock keyboard library"
base,lubbock,cixyla.dll,"Lubbock digitizer library"
base,lubbock,dihalla.ldd,"Lubbock HAL driver"
base,lubbock,ditxla1.pdd,"Lubbock Serial Port1 physical device driver"
base,lubbock,ditxla2.pdd,"Lubbock SIR (Port2) physical device driver"
base,lubbock,ditxla3.pdd,"Lubbock Serial Port3 physical device driver"
base,lubbock,e32strt.exe,"Lubbock initialization executable"
base,lubbock,epbmvla.dll,"Lubbock MMC Card Peripheral Bus Controller"
base,lubbock,epbpvla.dll,"Lubbock PC Card Peripheral Bus Controller"
base,lubbock,halla.dll,"Lubbock HAL library"
base,lubbock,midatala.pdd,"Lubbock CF card media physical device driver"
base,lubbock,milfsla.pdd,"Lubbock LFFS media physical device driver"
base,lubbock,vcotla.dll,"Lubbock variant library"
base,lubbock,videodriverexla.dll,"Lubbock video-driver library"
base,lubbock,videodriverla.ldd,"Lubbock video logical device driver "
base,pwrcli,powermgrcli.dll,"User side power and system resource management"
base,pwrcli,shutdownsrv.dll,"Shut down server library"
base,pwrcli,shutdownsrvs.exe,"Shut down server"
base,series5mx1,cakdb1.dll,"Series5mx keyboard look-up tables"
base,series5mx1,cakyb1.dll,"Series5mx keyboard library"
base,series5mx1,caxyb1.dll,"Series5mx digitizer library"
base,series5mx1,dae2b1.ldd,"Series5mx EEPROM logical device driver"
base,series5mx1,datxb11.pdd,"Series5mx SIR physical device driver"
base,series5mx1,datxb12.pdd,"Series5mx Serial Port1 physical device driver"
base,series5mx1,datxb13.pdd,"Series5mx Serial Port2 physical device driver"
base,series5mx1,halb1.dll,"Series5mx HAL library"
base,series5mx1,vawdb1.dll,"Series5mx variant library"
base,siboutil,sibo.dll,""
base,stdlib,estlib.dll,"C standard library"
base,stdlib,redircli.dll,"C standard input/output stream handling (STDIN, STDOUT, STDERR)"
base,stdlib,stdlib.sis,"C standard library installation file"
base,store,estor.dll,"Stream store management"
bluetooth,bluetooth,bt.esk,"Configuration file for Bluetooth"
bluetooth,bluetooth,bt_port1.esk,"Alternate configuration file for Bluetooth"
bluetooth,bluetooth,bt_port2.esk,"Alternate configuration file for Bluetooth"
bluetooth,bluetooth,bt_port3.esk,"Alternate configuration file for Bluetooth"
bluetooth,bluetooth,bluetooth.dll,"Basic types used in general Bluetooth"
bluetooth,bluetooth,bt.prt,"Bluetooth protocol family"
bluetooth,bluetooth,btcomm.csy,"C32 based virtual serial port support (for legacy applications)"
bluetooth,bluetooth,btdevice.dll,"Basic types used in Bluetooth for managing devices and device security"
bluetooth,bluetooth,btextnotifiers.dll,"Basic types used to allow interactions with standard Bluetooth notifiers"
bluetooth,bluetooth,btmanclient.dll,"Bluetooth security manager client interface"
bluetooth,bluetooth,btmanserver.exe,"Bluetooth security manager server side"
bluetooth,bluetooth,btregistry.dll,"Provides storage for details on known/paired Bluetooth devices"
bluetooth,bluetooth,hci.dll,"Interface from Symbian OS device to Bluetooth host controller"
bluetooth,bluetooth,sdp.exe,"Service Discovery Protocol server component"
bluetooth,bluetooth,sdpagent.dll,"Service Discovery Protocol client (for interrogating other devices on their capabilities)"
bluetooth,bluetooth,sdpdatabase.dll,"Provides interface to allow manipulation of SDP elements, and to store records in the local database."
bluetooth,bluetooth,hciproxy.dll,"Interface for the HCI Extension Conduit"
comms-infras,commdb,defaultcdbv2.dat,""
comms-infras,commdb,commdb.dll,"Comms database API"
comms-infras,commdb,t_createdb.exe,"Creates a Comms database (for testing)"
comms-infras,commdb,t_editdb.exe,"Edits a Comms database (for testing)"
comms-infras,configdb,configdb.dll,""
comms-infras,esock,esock.dll,"Socket server implementation"
comms-infras,flogger,flogger.dll,"Log server - client-side"
comms-infras,flogger,flogsvr.exe,"Log server"
comms-infras,nifman,nifman.dll,"Network interface manager"
conn-framework,ec_customservers,agnapi.dll,"Connectivity API to Agenda"
conn-framework,ec_customservers,agndasvr.rsy,"System that allows direct access to an agenda on an Symbian OS machine"
conn-framework,ec_customservers,agndasvr.cs,"Agenda synchronisation custom server plug-in"
conn-framework,ec_customservers,agnsynca.dll,"System that allows direct access to an agenda on an Symbian OS machine"
conn-framework,ec_customservers,backup.dll,"Custom server to enable the PC to talk to the backup server"
conn-framework,ec_customservers,backuppro.dll,"Pipe processor used during backups providing drive snapshot information"
conn-framework,ec_customservers,clipsvr.rsy,"System that allows direct access to an clipboard on an Symbian OS machine"
conn-framework,ec_customservers,ecbrdcst.rsy,"Broadcasts messages to clients"
conn-framework,ec_customservers,ecbrdcst.cs,"Custom server plug-in to broadcast messages to clients"
conn-framework,ec_customservers,eccecsvr.rsy,"Contacts synchronisation"
conn-framework,ec_customservers,eccecsvr.cs,"Contacts synchronisation custom server plug-in"
conn-framework,ec_customservers,emsync.dll,"Email synchroniser interface to messaging"
conn-framework,ec_customservers,epoccap.rsy,"Symbian Connect Capabilities Manager "
conn-framework,ec_customservers,epoccap.cs,"Symbian Connect Capabilities Manager custom server plug-in"
conn-framework,ec_customservers,gencserv.rsy,"Generic custom server "
conn-framework,ec_customservers,jotsync.dll,"Jotter synchronisation"
conn-framework,ec_customservers,msbrowse.dll,"Connectivity interface to messaging"
conn-framework,ec_customservers,plplpt.csy,"PLP printer port"
conn-framework,ec_customservers,rpcs.cs,"Remote procedure function call custom server plug-in"
conn-framework,ec_customservers,scrfs.cs,"Remote file system custom server plug-in"
conn-framework,ec_customservers,syncaid.dll,"Agenda synchronisation"
conn-framework,ec_customservers,wprt.rsy,"Enables printing over PLP"
conn-framework,mrouter,ectcpadapter.dll,"Connectivity TCP adapter, manages custom servers"
conn-framework,mrouter,iserverarc.dll,"The main thread of the iserverarc server"
conn-framework,mrouter,iserverarcexe.exe,"Server to coordinate device-side mRouter operation"
conn-framework,mrouter,mrouteragent.agt,"mRouter agent plug-in for the Comms-infras/Nifman framework"
conn-framework,mrouter,mrouterclient.dll,"Starts/stops mRouter PPP network interface, provides custom-server framework"
conn-framework,mrouter,mrouterclientui.app,"Test UI for from device-side mRouterClient connect/disconnect functionality"
conn-framework,mrouter,mstreamlegacy.dll,""
conn-framework,mrouter,mstreamman.dll,"mRouter stream manager"
conn-framework,mrouter,mstreamtypecore.dll,""
conn-framework,mrouter,mtextutils.dll,"Text handling utilities"
conn-framework,mrouter,tcplistener.dll,"Listens for a TCP connection"
connlink,brdcst,brdcst.dll,"Broadcast server client-side API"
connlink,brdcst,brdsrv.exe,"Broadcast server"
connlink,conndev,plp.esk,"ESock config files"
connlink,conndev,plp.prt,"PLP protocol module"
connlink,conndev,plpcli.dll,"PLP client"
connlink,conndev,plpconfig.dll,"Configures PLP"
connlink,conndev,plpexe.exe,"PLP remote link server"
connlink,conndev,plplog.dll,"PLP debug logger"
connlink,conndev,plpremlink.dll,"Client to PLP remote link server"
connlink,conndev,plprfs.rsy,"PLP remote file system"
connlink,conndev,plpsvr.dll,"PLP server"
#connlink,conndev,plpvariant.dll,"Retrieves machine and drive details"
connlink,conndev,rpcs.rsy,"PLP remote procedure calls"
connlink,plpvariant,plpvariant.dll,"Retrieves machine and drive details"
#connmiscplug-ins,agendasyncfilter,asfilter.dll,"Agenda engine synchronisation filter"
connmiscplug-ins,asfilter,asfilter.dll,"Agenda engine synchronisation filter"
#connmiscplug-ins,irmtm,irc.dll,""
connmiscplug-ins,irmtm,irclientident.rsc,""
connmiscplug-ins,irmtm,irmtmsisstub.sis,""
connmiscplug-ins,irmtm,irobutil.dll,""
#connmiscplug-ins,irmtm,irs.dll,""
connmiscplug-ins,pcmtm,pcmtmsisstub.sis,""
connmiscplug-ins,pcmtm,sync.dll,"Email synchronisation client MTM"
connmiscplug-ins,pcmtm,syns.dll,"Email synchronisation server MTM"
graphics,bitgdi,bitgdi.dll,"Bitmapped graphics library"
graphics,fbserv,fbscli.dll,"Font & Bitmap server client-side library"
graphics,fbserv,fbserv.exe,"Font & Bitmap server"
graphics,fntstore,fntstr.dll,"Font store"
graphics,fonts,eon14.gdr,"Bitmap fonts file"
graphics,fonts,ncrbiu.ttf,"New courier bold italic truetype font"
graphics,fonts,ncrbru.ttf,"New courier bold truetype font"
graphics,fonts,ncrriu.ttf,"New courier italic truetype font"
graphics,fonts,ncrrru.ttf,"New courier regular truetype font"
graphics,fonts,ntmbiu.ttf,"New times bold italic truetype font"
graphics,fonts,ntmbru.ttf,"New times bold truetype font"
graphics,fonts,ntmriu.ttf,"New times italic truetype font"
graphics,fonts,ntmrru.ttf,"New times regular truetype font"
graphics,fonts,swabiu.ttf,"SwissA bold italic truetype font"
graphics,fonts,swabru.ttf,"SwissA bold truetype font"
graphics,fonts,swariu.ttf,"SwissA italic truetype font"
graphics,fonts,swarru.ttf,"SwissA regular truetype font"
graphics,fonts,unicode.gdr,"Full unicode bitmap fonts"
graphics,fonts,unicode_minus_cjk.gdr,"Unicode without CJK bitmap fonts"
graphics,fonts,unicode_most_basic.gdr,"Basic unicode bitmap fonts"
graphics,freetype,freetype.dll,"Freetype font rasterizer plug-in library"
graphics,gdi,gdi.dll,"Graphics base classes and support library"
graphics,gdi,linebreak.dll,"Line-break support"
graphics,keyclickref,keyclickref.dll,"Reference key-click plug-in library"
graphics,palette,palette.dll,"Dynamic palette support"
graphics,pdrstore,pdrprt.dll,"Printer port library"
graphics,pdrstore,pdrstr.dll,"Printer font store library"
graphics,printdrv,canon.pdr,"Canon printer driver command resource file"
graphics,printdrv,canon.r01,"Canon printer name resource file"
graphics,printdrv,canon.r10,"Canon printer name resource file"
graphics,printdrv,epson.pdr,"Epson printer driver command resource file"
graphics,printdrv,epson.r01,"Epson printer name resource file"
graphics,printdrv,epson.r10,"Epson printer name resource file"
graphics,printdrv,general.pdr,"General printer driver command resource file"
graphics,printdrv,general.r01,"General printer name resource file"
graphics,printdrv,general.r10,"General printer name resource file"
graphics,printdrv,pcl5.pdr,"HP PCL5 printer driver command resource file"
graphics,printdrv,pcl5.r01,"HP PCL5 printer name resource file"
graphics,printdrv,pcl5.r10,"HP PCL5 printer name resource file"
graphics,printdrv,canon.pdl,"Canon printer driver files"
graphics,printdrv,epson.pdl,"Epson printer driver files"
graphics,printdrv,general.pdl,"General printer driver files"
graphics,printdrv,pcl5.pdl,"HP PCL5 printer driver files"
graphics,screendriver,lcd.pdd,"LCD physical device driver"
graphics,screendriver,scdv.dll,"Low-level screen device driver library"
graphics,screendriver,video.ldd,"Logical screen device driver"
graphics,wserv,dlog.dll,"On-screen logging library"
graphics,wserv,dlogfl.dll,"File logging library"
graphics,wserv,dlogsr.dll,"Serial logging library"
graphics,wserv,profilerkeys.dll,"Window server profiling hotkeys library"
graphics,wserv,ws32.dll,"Window server client-side library"
graphics,wserv,wserv.exe,"Window server"
infra-red,irda,irda_fir.esk,"IrDA configuration file for fast IR"
infra-red,irda,irda_port1.esk,"IrDA configuration file for IR over physical port 1"
infra-red,irda,irda_port3.esk,"IrDA configuration file for IR over physical port 3"
infra-red,irda,ircomm.csy,"C32 plugin for serial port emulation over IR"
infra-red,irda,ircomm.rsc,"Resource file"
infra-red,irda,irda.prt,"Socket server IrDA protocol module"
infra-red,irda,irda_via_pod.prt,"Socket server IrDA configuration file for IR through IR pod (e.g. jeteye)"
infra-red,irda,irobex.dll,"Implementation of Object Exchange Protocol"
infra-red,irda,irtranp.dll,"Implementation of Infrared Transfer Picture protocol"
java-kvm-midp,kmidp,kmidrun.exe,"KVM plus preloaded classes for CLDC and MIDP plus all native side code"
java-kvm-midp,kmidp,midp.rsc,"Resources"
java-kvm-midp,kmidp,recjavamid.rdl,"Extras bar MIDlet app recognizer"
java-pjava-javaphone,javaphone,javaphone.jar,"Java side implementation of the JavaPhone APIs"
java-pjava-javaphone,javaphone,jaddressbook.dll,"Native side of addressbook support"
java-pjava-javaphone,javaphone,jcalendar.dll,"Native side of calendar support"
java-pjava-javaphone,javaphone,jcomm.dll,"Native side of serial comms support"
java-pjava-javaphone,javaphone,jdatagram.dll,"Native side of datagram support"
java-pjava-javaphone,javaphone,jetel.dll,"Native side of telephony support"
java-pjava-javaphone,javaphone,jhttps.dll,"Native side of https support"
java-pjava-javaphone,javaphone,jnievents.dll,"Native side event handler utils"
java-pjava-javaphone,javaphone,jpower.dll,"Native side of power management support"
java-pjava-javaphone,javaphone,jcalendarfilter.dll,"Server side plugin to support custom calendar searches"
java-pjava-midp,midp,cldc.jar,"Java side implementation of CLDC compatibility layer for pJava"
java-pjava-midp,midp,midp.jar,"Java side implementation of the MIDP APIs"
java-pjava-midp,midp,jmidp_events.dll,"Native side event handler utils"
java-pjava-midp,midp,jmidp_lcdui.dll,"Native side of MIDP UI support"
java-pjava-midp,midp,jmidp_rms.dll,"Native side of MIDP record store support"
java-pjava-midp,midp,midrun.exe,"Launcher used by the MIDlet app recognizer"
java-pjava,pjava,pjava.exe,"Command line launcher"
java-pjava,pjava,pjavai-reference.dll,"Virtual machine library including preloaded classes"
java-pjava,pjava,eikjava.dll,"Java embedding support library (used by web browser plugins)"
java-pjava,pjava,jawtimg.dll,"Generic image conversion library"
java-pjava,pjava,jawtimgc8.dll,"Optimised image conversion library for 8 bit displays"
java-pjava,pjava,rmiregistry.exe,"RMI configuration utility"
java-pjava,pjava,javarun.exe,"Launcher for use by recognizers"
java-pjava,pjava,recjava.rdl,"Class file recognizer"
java-pjava,pjava,recjavaapp.rdl,"Extras bar Java app recognizer"
java-pjava,pjava,eikjava.rsc,"Resources"
java-pjava,pjava,javarun.rsc,"Resources"
java-pjava,pjava,eikjava.mbm,"Icons"
java-pjava,pjava,awt.properties,"AWT config file"
java-pjava,pjava,appletviewer.properties,"Applet config file"
java-pjava,pjava,font.properties,"Font config file"
java-pjava,pjava,content-types.properties,"Content handler config file"
java-pjava,pjava,java.security,"Security config file"
java-pjava,pjava,classes-reference.zip,"Non-preloaded classes"
j2me,j2meruntime,kmidp20.exe,"KVM-based MIDP2 runtime executable for emulators"
j2me,j2meruntime,mmidp20.exe,"CLDC-HI MIDP2 runtime executable"
j2me,runtimeplugins,Lcdgr.dll,"Graphics and image code"
j2me,runtimeplugins,Lcdui.dll,"Test/Reference LCD UI code - should be replaced"
j2me,runtimeplugins,Midp2refnotifier.dll,"Utility reference notifier dialog for presenting unhandled J2me exceptions"
j2me,runtimeplugins,Midp2runtime.dll,"Provides reference call-back hooks to configure the runtime"
j2me,runtimeplugins,midp2domainpolicyfileparser.dll,"Utility module for parsing domain policy file"
j2me,runtimeplugins,midp2runtimesecuritypolicy.dll,"'Protection domain binding' module"
j2me,systemams,javaams.dll,"Application management module"
j2me,systemams,jsmspush.dll,"SMS push management"
j2me,systemams,midp2client.dll,"Client-side interface for recogniser"
j2me,systemams,midp2installerclient.dll,"MIDlet installer"
j2me,systemams,midp2proxyconnection.dll,"Proxy connection client-side interface"
j2me,systemams,midp2recognizer.rdl,"MIDlet recogniser plugin for the Apparc framework"
j2me,systemams,systemams.exe,"SystemAMS EXE wrapper - launches javaams.dll"
j2me,systemamsplugins,midp2http.dll,"HTTP support - customiseable/replaceable"
j2me,systemamsplugins,midp2ip.dll,"IP push module - customiseable/replaceable"
j2me,systemamsplugins,midp2protectiondomainbinding.dll,"Protection domain binding - customiseable/replaceable"
j2me,systemamsplugins,midp2securitypolicy.dll,"Static security policy module - customiseable/replaceable"
j2me,systemamsplugins,midp2systemamsconfig.dll,"Configuration module - customiseable/replaceable"
messaging,biomsg,cbcp.mbm,"BIO Compact Business Card bimap for UI"
messaging,biomsg,cbcp.rsc,"BIO Compact Business Card resource file"
messaging,biomsg,enp.mbm,"BIO Email Notification parser bitmap for UI"
messaging,biomsg,enp.rsc,"BIO Email Notification parser resource file"
messaging,biomsg,iacp.mbm,"BIO Internet Access Configuration bitmap for UI"
messaging,biomsg,iacp.rsc,"BIO Internet Access Configuration resource file"
messaging,biomsg,olp.mbm,"BIO operator logo picture bitmap for UI"
messaging,biomsg,olp.rsc,"BIO operator logo picture resource file"
messaging,biomsg,rtp.mbm,"BIO Ring tone parser bitmap for UI"
messaging,biomsg,rtp.rsc,"BIO Ring tone parser resource file"
messaging,biomsg,vcdp.mbm,"BIO VCard parser bitmap for UI"
messaging,biomsg,vcdp.rsc,"BIO VCard parser resource file"
messaging,biomsg,vclp.mbm,"BIO VCalendar parser bitmap for UI"
messaging,biomsg,vclp.rsc,"BIO VCalendar parser resource file"
messaging,biomsg,wapp.mbm,"BIO WAP Over The Air bitmap for UI"
messaging,biomsg,wapp.rsc,"BIO WAP Over The Air parser resource file"
messaging,biomsg,biomsg.sis,"BIO installation file. Not a ROM file. "
messaging,biomsg,biftool.exe,"Build tool to build BIO Information Files (which register BIO parsers) Not a ROM component"
messaging,biomsg,bifu.dll,"BIO utilties used by BIO database to read BIF files"
messaging,biomsg,bioc.dll,"BIO client MTM"
messaging,biomsg,biodb.dll,"BIO database "
messaging,biomsg,bios.dll,"BIO server MTM"
messaging,biomsg,biowatcher.dll,"Shared watcher utility code"
messaging,biomsg,biut.dll,"BIO utilities"
messaging,biomsg,cbcp.dll,"BIO Compact Business Card parser"
messaging,biomsg,enp.dll,"BIO Email Notification parser"
messaging,biomsg,gfp.dll,"BIO Generic File parser; supports VCard, VCalendar, Caller Line Identify (CLI) bitmaps and Operator Logo (OLP) bitmaps and Ring Tones (RTP)"
messaging,biomsg,iacp.dll,"BIO Internet Access Configuration parser (email settings and internet settings)"
messaging,biomsg,nbswatcher.dll,"Watcher that receives all SMS messages from SMS stack"
messaging,biomsg,wapp.dll,"BIO Nokia Ericsson Over The Air parser"
messaging,biomsg,wapwatcher.dll,"Watcher for receiving WDP/WSP BIO messages"
messaging,gmxml,smildtd.dll,"SMIL DTD support"
messaging,gmxml,xmldom.dll,"XML DOM support"
messaging,gmxml,xmlparser.dll,"XML parser"
messaging,mms,MmsNotifyRegistry.r01,"MMS notification UK resource file"
messaging,mms,MmsNotifyRegistry.r10,"MMS notification USA resource file"
messaging,mms,mmsapphandler.dll,"WAP Push plugin to handle MMS push message"
messaging,mms,mmscli.dll,"MMS client MTM"
messaging,mms,mmsclientmtm.dll,"MMS client MTM"
messaging,mms,mmscodec.dll,"MMS codec for encoding/decoding MMS messages"
messaging,mms,mmsenginestrings.r01,"MMS engine UK resource file"
messaging,mms,mmsenginestrings.r10,"MMS engine USA resource file"
messaging,mms,mmsgenutils.dll,"MMS engine utilties"
messaging,mms,mmsindhandler.dll,"Wap Push ECOM Plugin for handling MMS Acknowlegments"
messaging,mms,mmss.dll,"MMS server MTM"
messaging,mms,mmssettingsproxy.dll,"MMS settings proxy Ecom plug-in"
messaging,mms,mmssrv.dll,"MMS server MTM"
messaging,mms,mmsutil.dll,"MMS utilties"
messaging,mms,mmsutils.dll,"MMS utilities"
messaging,mms,mmswatcher.dll,"MMS watcher"
messaging,mms,wprpvp.r01,"BIO WAP/MMS provisioning parser UK resource file"
messaging,mms,wprpvp.r10,"BIO WAP/MMS provisioning parser USA resource file"
messaging,mms,wprvp.dll,"BIO WAP/MMS provisioning parser"
messaging,mms,wprvp.mbm,"BIO WAP/MMS provisioning parser bitmap for UI"
messaging,mms,xmlp.dll,"XML utilities for WAP PRV parser"
messaging,msg,gtfax.sis,"Installation file for FAX MTMs. Not a ROM file"
messaging,msg,gtimap.sis,"Installation file for IMAP MTMs. Not a ROM file"
messaging,msg,gtpop.sis,"Installation file for POP email MTMs. Not a ROM file"
messaging,msg,gtsms.sis,"Installation file for SMS MTMs. Not a ROM file"
messaging,msg,gtsmtp.sis,"Installation file for SMTP Email MTMs. Not a ROM file"
messaging,msg,msg.sis,"Installation file for message server. Not a ROM file"
messaging,msg,autosend.exe,"Executable that sends email when mail connection for POP/IMAP initiated"
messaging,msg,faxprnt2.pdl,"Fax rendering printer driver"
messaging,msg,faxprnt2.pdr,"Fax rendering printer driver"
messaging,msg,faxs.dll,"Fax server MTM"
messaging,msg,faxs.r01,"Fax MTM UK resource file"
messaging,msg,faxs.r10,"Fax MTM USA resource file"
messaging,msg,faxwatcher.dll,"Watcher that listens for incoming fax calls"
messaging,msg,fxcm.dll,"Fax client MTM"
messaging,msg,imcm.dll,"Email client MTMs (SMTP, POP3, IMAP4) and email client-side utilities"
messaging,msg,imcm.r01,"Email engine UK resource file"
messaging,msg,imcm.r10,"Email engine USA resource file"
#messaging,msg,imps.dll,"IMAP4 server MTM"
messaging,imps,imps.dll,"IMAP4 server MTM"
messaging,msg,imut.dll,"Email server-side utilities"
messaging,msg,msexe.exe,"Executable used to launch message server on ARM platform"
messaging,msg,msgs.dll,"The message server, and framework utilties"
messaging,msg,msgs.r01,"Message server UK resource file"
messaging,msg,msgs.r10,"Message server USA resource file"
messaging,msg,msgurlhandler.aif,"AIF file for above app (bitmaps, etc) (optional)"
messaging,msg,msgurlhandler.app,"URI resolver: Hidden app to launch editor for mail,fax & sms URI links (optional)"
messaging,msg,msgurlhandler.r01,"UK resource file for URI resolver app (optional)"
messaging,msg,msgurlhandler.r10,"USA resource file for URI resolver app (optional)"
messaging,msg,msgurlrec.mdl,"Recognizer for URI resolver app (optional)"
messaging,msg,mtmgen.exe,"Build tool to create MTM registry. Not a ROM file"
messaging,msg,mtur.dll,"Base classes for UI MTMs"
messaging,msg,pops.dll,"POP3 server MTM"
messaging,msg,schsend.dll,"Schedule sending utilties & framework"
messaging,msg,schsendexe.exe,"Executable that launches sending server MTM"
messaging,msg,send.dll,"Send As utility framework"
messaging,msg,smcm.dll,"SMS client MTM"
messaging,msg,smss.dll,"SMS server MTM"
messaging,msg,smss.r01,"SMS MTM UK resource file"
messaging,msg,smss.r10,"SMS MTM USA resource file"
messaging,msg,smts.dll,"SMTP email server MTM"
messaging,msg,watcher.exe,"Executable to start watchers"
messaging,obexmtm,btcmtm.dll,"Bluetooth client MTM for OBEX beaming"
messaging,obexmtm,btsmtm.dll,"Bluetooth server MTM"
messaging,obexmtm,irc.dll,"IrDA client MTM for OBEX beaming"
messaging,obexmtm,irs.dll,"IrDA server MTM"
messaging,obexmtm,obexclientmtm.dll,"Base classes for bluetooth and IR client MTMs"
messaging,obexmtm,obexmtmutil.dll,"Helper classes for bluetooth and IR MTMs"
messaging,obexmtm,obexservermtm.dll,"Base classes for bluetooth and IR server MTMs"
mm-server,mediasvr,mdaaudioplugin.sis,"Package file for audio plugin"
mm-server,mediasvr,mdadevimageplugin.sis,"Package file for extra image plugin"
mm-server,mediasvr,mdagenericplugin.sis,"Package file for generic objects plugin"
mm-server,mediasvr,mdagifplugin.sis,"Package file for gif plugin"
mm-server,mediasvr,mdagsm610plugin.sis,"Package file for GSM 6.10 plugin"
mm-server,mediasvr,mdaimageplugin.sis,"Package file for image plugin"
mm-server,mediasvr,mediaserver.sis,"Package file for media server"
mm-server,mediasvr,audioformats.mda,"Media Server plugin for common audio formats"
mm-server,mediasvr,audioformats.r01,"Media Server plugin resource file describing common audio format capabilities"
mm-server,mediasvr,audiostream.mda,"Media Server plugin for audio streaming output"
mm-server,mediasvr,audiostream.r01,"Media Server plugin resource file describing audio streaming output capabilities"
mm-server,mediasvr,devimageformats.mda,"Media Server plugin for extra image formats (png, tiff/f, wmf)"
mm-server,mediasvr,devimageformats.r01,"Media Server plugin resource file describing extra image format capabilities"
mm-server,mediasvr,generic.mda,"Media Server plugin for generic data handling objects"
mm-server,mediasvr,generic.r01,"Media Server plugin resource file describing generic data handling object capabilities"
mm-server,mediasvr,gifformat.mda,"Media Server plugin for gif formats"
mm-server,mediasvr,gifformat.r01,"Media Server plugin resource file describing gif format capabilities"
mm-server,mediasvr,gsm610.mda,"Media Server plugin for GSM6.10 format"
mm-server,mediasvr,gsm610.r01,"Media Server plugin resource file describing GSM 6.10 format capabilities"
mm-server,mediasvr,imageformats.mda,"Media Server plugin for common image formats"
mm-server,mediasvr,imageformats.r01,"Media Server plugin resource file describing common image format capabilities"
#mm-server,mediasvr,mediaclient.dll,"Generic client-side support library"
#mm-server,mediasvr,mediaclientaudio.dll,"Audio client-side support library"
#mm-server,mediasvr,mediaclientaudiostream.dll,"Streaming audio client-side support library"
#mm-server,mediasvr,mediaclientimage.dll,"Image client-side support library"
mm-server,mediasvr,mediaserver.dll,"Generic server-side support library"
mm-server,mediasvr,mediaserveraudio.dll,"Audio server-side support library"
mm-server,mediasvr,mediaserverjpeg.dll,"Jpeg server-side support library"
mm-server,mediasvr,mediaserverstub.exe,"Server startup executable"
mm-server,mediasvr,mediaservervideo.dll,"Image server-side support library"
mm-server,mediasvr,recmda.mdl,"Media server recogniser library"
mm-server,mediasvr,sounddevice.mda,"Media Server plugin for sound device"
mm-server,mediasvr,sounddevice.r01,"Media Server plugin resource file describing sound device capabilities"
#mm-server,mediasvr,esdrv.pdd,"Physical sound device driver"
#mm-server,mediasvr,esound.ldd,"Logical sound device driver"
multimedia,icl,bitmaptransforms.dll,"Scaling and rotation functionality library"
multimedia,icl,bmpcodec.dll,"BMP codec plugin"
multimedia,icl,gifcodec.dll,"GIF codec plugin"
multimedia,icl,icocodec.dll,"ICO codec plugin"
multimedia,icl,imageconversion.dll,"Image conversion library"
multimedia,icl,imageconversionresolver.dll,"Image file type resolver library"
multimedia,icl,jpegcodec.dll,"JPEG codec plugin"
multimedia,icl,jpegyuvdecoder.dll,"YUV conversion library"
multimedia,icl,mbmcodec.dll,"MBM codec plugin"
multimedia,icl,mediaclientimage.dll,"Media Server client-side compatibility library"
multimedia,icl,otacodec.dll,"SMS-OTA codec plugin"
multimedia,icl,pngcodec.dll,"PNG codec plugin"
multimedia,icl,recicl.mdl,"Image file format mime type recogniser for the Emime framework"
multimedia,icl,tiffcodec.dll,"TIFF/F codec plugin"
multimedia,icl,wbmpcodec.dll,"WAP BMP (WBMP) codec plugin"
multimedia,icl,wmfcodec.dll,"Windows Meta-File (WMF) codec plugin"
multimedia,mmf,audiocodecs.dll,"Reference software audio codec plugins"
multimedia,mmf,esdrv.pdd,"Physical sound device driver"
multimedia,mmf,esound.ldd,"Logical sound device driver"
multimedia,mmf,gsm610.dll,"GSM6.10 format and codec plugins"
multimedia,mmf,mediaclient.dll,"Generic Media Server client-side compatibility library"
multimedia,mmf,mediaclientaudio.dll,"Media Server audio compatibility library"
multimedia,mmf,mediaclientaudioinputstream.dll,"Audio input streaming client-side library"
multimedia,mmf,mediaclientaudiostream.dll,"Audio output streaming client-side library"
multimedia,mmf,mediaclientvideo.dll,"Video playback and recording client-side library"
multimedia,mmf,midiclient.dll,"MIDI client-side library"
multimedia,mmf,midistandardcustomcommands.dll,"MIDI custom-command framework library"
multimedia,mmf,mmfaudiocontroller.dll,"Reference audio controller plugin"
multimedia,mmf,mmfaudioinput.dll,"Audio record plugin"
multimedia,mmf,mmfaudiooutput.dll,"Audio playback plugin"
multimedia,mmf,mmfaudiopolicy.exe,"Audio policy server"
multimedia,mmf,mmfaudiopolicyproxy.dll,"Audio policy proxy plugin"
multimedia,mmf,mmfauformat.dll,"AU file format plugin"
multimedia,mmf,mmfcontrollerframework.dll,"MMF controller framework library"
multimedia,mmf,mmfdevsound.dll,"Audio hardware abstraction library"
multimedia,mmf,mmfrawformat.dll,"RAW audio file format plugin"
multimedia,mmf,mmfserverbaseclasses.dll,"MMF framework support library"
multimedia,mmf,mmfstandardcustomcommands.dll,"MMF custom-command framework library"
multimedia,mmf,mmfstdsourceandsinkplugin.dll,"MMF standard source and sink plugins"
multimedia,mmf,mmfwavformat.dll,"WAV file format plugin"
multimedia,mmf,recmmf.mdl,"MMF file format mime type recogniser"
nbprotocols,smsstack,gsmu.dll,"GSM utilities for encoding and decoding TPDUs"
nbprotocols,smsstack,sms.esk,"SMS esock configuration file"
nbprotocols,smsstack,smsprot.prt,"GSM SMS protocol stack, socket server plug-in"
nbprotocols,smsstack,smsu.dll,"SMS utilities for streaming and logging"
nbprotocols,smsstack,wap.esk,"WAP esock configuration file"
nbprotocols,smsstack,wapprot.prt,"WAP over SMS protocol stack, socket server plug-in"
networking,6to4,6to4.prt,"IPv6 transition mechanisms"
networking,csdagx,csd.agx,"Circuit switched agent extension plug-in for GennCon, for GSM and CDMA connectivity"
networking,csdagt,csd.agt,"Circuit-switched agent plug-in for the Comms-infras/Nifman framework, for GSM and CDMA connectivity"
networking,dialog,agentdialog.dll,"Dialog support within the Comms-infras/Nifman framework"
networking,dnd,dnd.exe,"Domain name daemon providing dynamic name resolution for hosts"
networking,eaysymb,eaysymb.prt,"Socket server plug-in protocol for interface to crypto libraries for Ipsec"
networking,ether802,arp.dll,"Implements Address Resolution Protocol (ARP)"
networking,ether802,dhcp.dll,"Dynamic Host Configuration Protocol (DHCP)"
networking,ether802,etherpkt.drv,"User side Ethernet protocol driver"
networking,ether802,ethint.nif,"Ethernet protocol plug-in module"
networking,ether802,irlan.drv,"User side IrLAN protocol driver"
networking,etheragx,etheragx.agx,"Ethernet agent extension for GennCon"
networking,etherdrv,ether3com.pdd,""
networking,etherdrv,ethercard.ldd,"Ethernet card logical device driver"
networking,etherdrv,ethersmc.pdd,"Physical device driver for SMC 91c96 Ethernet chip"
networking,ftp,ftp.exe,"FTP server"
networking,ftp,ftpprot.dll,"FTP protocol support"
networking,ftp,ftpsess.dll,"FTP session"
#networking,genconn,agentdialog.dll,""
networking,genconn,genconn.agt,"Generic connection agent for the Comms-infras/Nifman framework"
networking,gprsagx,gprs.agx,""
networking,gprstsy,gprs.rsc,""
networking,gprstsy,gprstsy.tsy,""
networking,guqos,guqos.prt,"GPRS/UMTS QoS protocol plug-in for socket server"
networking,ike,kmd.app,"Ike(key exchange for ipsec)"
networking,inetutil,ipconfig.exe,""
networking,inetutil,ping.exe,""
networking,inetutil,pingeng.dll,""
networking,inetutil,route.exe,""
networking,inetutil,tftp.exe,""
networking,inetutil,tftpeng.dll,""
networking,inetutil,tracert.exe,""
networking,inetutil,treng.dll,""
networking,inhook6,inhook6.dll,"IPV6 hook library"
networking,insock,insock.dll,"IPv6/v4 socket library"
networking,ipsec6,ipsec6.prt,"IPSec socket server protocol plug-in"
networking,ipsecapi,ipsecapi.dll,"IPSec API library"
networking,ipsecmanapi,ipsecmanapi.dll,"IPSec manager API library"
networking,ipsecmanserver,ipsecmanserver.exe,"Ipsec manager server"
networking,kmdserver,kmdapi.dll,"Key management daemon API library"
networking,kmdserver,kmdserver.exe,"Key management daemon server-side"
networking,mscomp,mscomp.dll,"PPP compression plug-in"
networking,netcon,netcon.dll,"Network controller library"
networking,pkcs5,Pkcs5.dll,"Private key encryption library"
networking,ppp,des.dll,"PPP encryption"
networking,ppp,ppp.nif,"PPP polymorphic interface implementation for Nifman"
networking,ppp,vjcomp.dll,"Van Jacobsen header compression"
networking,predcomp,predcomp.dll,"PPP RFC1978 compression plug-in"
networking,qos,qos.prt,"QoS framework protocol plug-in for socket server"
networking,qoslib,qoslib.dll,"QoS framework API for applications"
networking,scheduler,scheduler.dll,"Packet scheduler for QoS"
networking,secparser,secparser.dll,"Parsing utilities for IPSec"
networking,slip,slip.nif,"SLIP polymorphic interface implementation for Nifman"
networking,staccomp,staccomp.dll,"PPP Stac LZS Compression plug-in"
networking,tcpip,tcpip.esk,""
#networking,tcpip,insock.dll,""
networking,tcpip,ntras.agt,""
networking,tcpip,tcpip.prt,""
networking,tcpip6,tcpip6.prt,"IPv4/v6 protocol plug-in for socket server"
networking,telnet_e,telsess.dll,"Telnet session support"
networking,tls,secdlgsv.dll,"Secure dialog server"
networking,tls,securesocket.dll,"Secure socket API"
networking,tls,ssl.dll,"SSL 3.0 and TLS 1.0"
networking,tls,ssladaptor.dll,"Plug-in wrapper over ssl.dll for secure sockets framework"
networking,umtsapi,umtsapi.dll,"Extension QoS API library for UMTS"
networking,umtsif,umtsif.dll,"Interface routines between GUQoS and a QoS capable NIF"
security,appinst,insteng.dll,"The software installation engine"
security,appinst,insteng.mbw,""
security,appinst,insteng.mcl,""
security,appinst,insteng.rsc,""
security,appinst,instrec.exe,""
security,appinst,instsrv.dll,""
#security,appinst,recjar.mdl,""
security,certman,cacerts.dat,""
security,certman,asn1.dll,"ASN.1 Protocol Specification Language translation"
security,certman,certstore.dll,"Abstract secure certificate storage and root certificate management"
security,certman,crypto.dll,"Certificate management base classes and interface to crypto algorithms"
security,certman,filecertstore.dll,"Implements concrete certstore token interfaces"
security,certman,ocsp.dll,"Implements OCSP protocol"
security,certman,pkixcert.dll,"PKIX validation"
security,certman,reccert.mdl,"Certificate data-type recogniser for App-framework/Emime framework"
security,certman,wapcertstore.dll,"WAP certificate storage"
security,certman,wtlscert.dll,"Parsing of WTLS Class 3 certificates for WAP"
security,certman,x500.dll,"Parsing/matching X.500 distinguished names and X.520 selected attribute types"
security,certman,x509.dll,"Parsing of X.509 certificates"
security,cryptalg,bigint.dll,"Handles big integers"
security,cryptalg,cryptalg.dll,"Raw cryptography algorithms"
security,cryptalg,hash.dll,"Hash functions such as MD5, SHA1 and HMAC"
security,cryptalg,privkey.dll,"Private key support"
security,cryptalg,random.dll,"Pseudo-random number generator server, client-side"
security,cryptalg,randsvr.exe,"Pseudo-random number generator server"
security,cryptotokens,ctframework.dll,"Crypto token framework"
security,ezlib,ezip.dll,"ZIP compression and decompression"
security,ezlib,ezlib.dll,"zlib compression library"
security,ezlib,jar.dll,""
security,javamidletinstaller,apagenerator.dll,"Generates Application Architecture files from JAR and JAD files"
security,javamidletinstaller,jardownloader.dll,"Downloads JAR files from a URL or file spec"
security,javamidletinstaller,jarfiledecoder.dll,"Decoded JAR files"
security,javamidletinstaller,javahelper.dll,""
security,javamidletinstaller,javareader.dll,""
security,javamidletinstaller,javaregistry.dll,"Registry of installed Java applications"
security,javamidletinstaller,recjar.mdl,"Java archive file (JAR and JAD) recogniser for Emime framework"
security,javamidletinstaller,statusreportsender.dll,""
security,sisinstaller,installedappsregistry.dll,"Registry of installed applications"
security,sisinstaller,integritysupport.dll,""
security,sisinstaller,sisfile.dll,""
security,sisinstaller,sisregistry.dll,""
security,wim,wim.dll,""
security,wim,wimsvr.exe,""
security,wim,wmlscrypt.dll,""
ser-comms,c32,c32.dll,"Comms Server and API"
ser-comms,c32,c32exe.exe,"Comms server process start-up program"
ser-comms,c32,ecuart.csy,"C32 plug-in module for physical RS232 serial port"
ser-comms,c32,ecuart.rsc,"Resource file for physical RS232 serial port"
ser-comms,usb,ecacm.csy,"Comms server plug-in for USB"
ser-comms,usb,usbman.dll,"USB server"
telephony,cdmatsy,cdma.tsy,"CDMA 2-Box Test TSY"
telephony,dial,dial.dll,"Phone number resolver"
telephony,etel,etel.dll,"Telephony server and core API"
telephony,etel,faxcli.dll,"Fax client API"
telephony,etel,faxsvr.dll,"Fax server"
telephony,etel,gsmbas.dll,""
telephony,etel,hayes.rsc,""
telephony,etel,hayes.tsy,""
telephony,etelagsm,gsmadv.dll,""
telephony,etelgprs,etelgprs.dll,""
telephony,etelmm,etelmm.dll,"Multimode ETel API"
telephony,etelpckt,etelpckt.dll,"Multimode Packet API"
telephony,etelsat,etelsat.dll,"SIM Application toolkit"
telephony,faxio,faxio.dll,"Fax T4 encoding/decoding"
telephony,faxstrm,faxstrm.dll,"Fax streaming and storage"
telephony,gsmtsy,gsmbsc.rsc,""
telephony,gsmtsy,gsmbsc.tsy,""
telephony,mmtsy,mm.rsc,"GSM/GPRS 2-Box Reference TSY"
telephony,mmtsy,mm.tsy,"GSM/GPRS 2-Box Reference TSY"
telephony,phbksync,phbksyncplugin.dll,"Phonebook Synchroniser plug-in to Contacts Model"
telephony,phbksync,phbksyncsvr.dll,"Phonebook Synchroniser Server and API"
telephony,simtsy,sim.tsy,"Simulator TSY - used for testing"
tools,cinidata,cinidata.dll,"File for reading config from ini files for test programs"
tools,debugger_stub,gdbseal-base.dll,"Used to insulate GDBSTUB from its environment on base roms"
tools,debugger_stub,gdbseal-full.dll,"Used to insulate GDBSTUB from its environment on full roms"
tools,debugger_stub,gdbseng.dll,"GDBSTUB engine "
tools,debugger_stub,gdbstub.exe,"Debugging agent on the target device acting as a proxy between GDB and Symbian OS"
tools,debugger_stub,debugger.exe,"Loads the debugger"
tools,debugger_stub,gdbstub.sis,"Used to install GDB"
tools,debugger_stub,edebug.ldd,"Debugging device"
toolkit_techview,uiklaf,exparser.dll,"Example parser"
toolkit_techview,uiklaf,uiklaf.dll,"Example look and feel module"
wap-browser,wapbase,bnf.dll,"BNF rule tree parser"
wap-browser,wapbase,dtdmdl.dll,"DTD rule tree parser"
wap-browser,wapbase,recwap.mdl,"WAP file recogniser for app launching for Emime framework"
wap-browser,wapbase,wnode.dll,"DataTree for WAP document parsing"
wap-browser,wapbase,wutil.dll,"WAP utilities (URL class)"
wap-browser,wapcontext,cwapgctx.dll,"WAP Global context client"
wap-browser,wapcontext,swapgctx.exe,"WAP Global context server"
wap-browser,wapcontext,waplctx.dll,"WAP Local context"
wap-browser,wapengine,wapengine.sis,"Dummy install file"
wap-browser,wapengine,wapeng.dll,"WAP Engine"
wap-browser,wapengine,wapeng.r01,"WAP Engine resources"
wap-browser,wapengine,waptc.dll,"WAP task coordinator"
wap-browser,wapplugins,datacollector.dll,"Parsing plugin base classes"
wap-browser,wapplugins,dtddatahandler.dll,"DTD parsing"
wap-browser,wapplugins,imagedatahandler.dll,"Image parser plugin"
wap-browser,wapplugins,pfile.dll,"File scheme protocol plugin"
wap-browser,wapplugins,phttp.dll,"HTTP scheme protocol plugin"
wap-browser,wapplugins,phttp.rsc,"HTTP scheme protocol plugin resources"
#wap-browser,wapplugins,httpresponse.dll,"Header codec for HTTP"
wap-browser,wapplugins,urihandler.dll,"URL handling plugin"
wap-browser,wapplugins,urlmng.dll,"URL manager plugin"
#wap-browser,wapplugins,wbxmllib.dll,"WBXML decoding library"
wap-browser,wapplugins,wmlcdatahandler.dll,"WMLC Data parser plugin"
wap-browser,wapplugins,wmldatahandler.dll,"WML Data parser plugin"
wap-browser,wapplugins,wmlscriptdatahandler.dll,"WML Data parser plugin"
wap-browser,wapplugins,wmllib.dll,"WML parsing library"
wap-browser,wapplugins,wmltpi.dll,"WML Task Plugin"
wap-browser,wapplugins,wtaiplugin.dll,"WTAI parsing plugin"
wap-browser,wapplugins,wtaipublic.dll,"WTAI Public functions API"
wap-browser,wapplugins,wtaipublic.rsc,"WTAI Resources"
#wap-browser,wapplugins,xmlelemt.dll,"XML element parsing"
#wap-browser,wapplugins,xmllib.dll,"XML parsing"
wap-browser,wapplugins,unknowncontenthandler.dll,"Unknown data content handling"
wap-browser,wappolicyplugins,httpsecurity.dll,"HTTP security plugin"
wap-browser,wappush,si.dtd,"Service indication DTD"
wap-browser,wappush,si10.tok,"Service indication Token file"
wap-browser,wappush,sl.dtd,"Service load DTD"
wap-browser,wappush,sl10.tok,"Service load Token file"
wap-browser,wappush,miscpushmsgutils.dll,"Utilities for handling multipart wap push messages"
wap-browser,wappush,pushapphandler.dll,"Push application handling plugins"
wap-browser,wappush,pushcontenthandler.dll,"Push content handling plugins"
wap-browser,wappush,pushmsgentry.dll,"Stores wap push messages in the message store"
wap-browser,wappush,pushsecurity.dll,""
wap-browser,wappush,pushwatcher.dll,"Receives wap push messages from the wap stack"
wap-browser,wappush,sislcontenthandlers.dll,"Handlers for Service Initiation and Service Load"
wap-browser,wappush,sislpushmsgutils.dll,"Utilities for Service Initiation and Service Load push messages"
wap-browser,wappush,wappushmtmclientserver.dll,"Wap push MTM, storing wap push messages in the message server"
wap-browser,wappush,wappushutils.dll,"Utilities for wap push plugins"
wap-browser,wappushsupport,httpresponse.dll,"Header codec for WSP"
wap-browser,wappushsupport,wbxmllib.dll,"WBXML decoding library"
wap-browser,wappushsupport,xmlelemt.dll,"XML element parsing"
wap-browser,wappushsupport,xmllib.dll,"XML parsing"
wap-browser,wapscriptserver,c_scr.dll,"Script engine client"
wap-browser,wapservers,ccache.dll,"Cache server client"
wap-browser,wapservers,clog.dll,"Log server client"
wap-browser,wapservers,cman.dll,"Cache manager"
wap-browser,wapservers,dbman.dll,"Database manager"
wap-browser,wapservers,scache.exe,"Cache server"
wap-browser,wapservers,slog.exe,"Log server"
wap-browser,wapuaprof,uaprof.dll,"UAProf handling code"
wap-browser,waprd,wapctr.dll,"WAP control"
wap-browser,waprd,wapctr.r01,"WAP control resources"
wap-browser,waprd,wmlrnd.dll,"WML rendering plugin"
wap-browser,waprd,wmlrnd.r01,"WML rendering plugin resources"
wap-browser,waprd,xmlrnd.dll,"XML rendering base class"
wap-stack,wapmessage,wapmsg.dll,"Wap messaging client of Wap stack server"
wap-stack,wapmessage,wapmsgcli.dll,"Wap messaging Ecom plug-in"
wap-stack,wapstack,capcodec.dll,"Capablities interface encoding/decoding"
wap-stack,wapstack,wapstdlib.dll,"Standard library functions required by the Wap stack"
wap-stack,wapstack,wapstkcli.dll,"Wap stack client-side API"
wap-stack,wapstack,wapstksrv.exe,"Wap stack server"
